{"data_time": 0.013915600498876302, "eta_seconds": 5607.064309129717, "fast_rcnn/cls_accuracy": 0.03720703125, "fast_rcnn/false_negative": 0.013521634615384616, "fast_rcnn/fg_cls_accuracy": 0.758076618450123, "iteration": 19, "loss_box_reg": 0.1114734411239624, "loss_cls": 1.3614938855171204, "loss_rpn_cls": 0.27775977551937103, "loss_rpn_loc": 0.02308119833469391, "lr": 2.497625e-05, "roi_head/num_bg_samples": 618.625, "roi_head/num_fg_samples": 21.375, "rpn/num_neg_anchors": 244.5, "rpn/num_pos_anchors": 11.5, "time": 5.584725407499718, "total_loss": 1.7878059763461351}
{"data_time": 0.013915600498876302, "fast_rcnn/cls_accuracy": 0.09189453125, "fast_rcnn/false_negative": 0.042831604243596506, "fast_rcnn/fg_cls_accuracy": 0.6864466292134832, "iteration": 24, "loss_box_reg": 0.11806267127394676, "loss_cls": 1.2536457180976868, "loss_rpn_cls": 0.24062949419021606, "loss_rpn_loc": 0.023708291351795197, "lr": 3.122e-05, "roi_head/num_bg_samples": 616.9375, "roi_head/num_fg_samples": 23.0625, "rpn/num_neg_anchors": 243.9375, "rpn/num_pos_anchors": 12.0625, "time": 5.6052466689998255, "total_loss": 1.7071368489414454}
{"eta_seconds": 5573.932879827436, "iteration": 25}
{"fast_rcnn/cls_accuracy": 0.0278125, "fast_rcnn/false_negative": 0.0, "fast_rcnn/fg_cls_accuracy": 0.861878453038674, "iteration": 0, "roi_head/num_bg_samples": 621.9, "roi_head/num_fg_samples": 18.1, "rpn/num_neg_anchors": 246.5, "rpn/num_pos_anchors": 9.5}
{"data_time": 0.012842531001297175, "eta_seconds": 2740.6830472623697, "fast_rcnn/cls_accuracy": 0.0509765625, "fast_rcnn/false_negative": 0.018140589569160995, "fast_rcnn/fg_cls_accuracy": 0.7501394726075798, "iteration": 19, "loss_box_reg": 0.11555274948477745, "loss_cls": 1.3053767681121826, "loss_rpn_cls": 0.26999565958976746, "loss_rpn_loc": 0.023084028623998165, "lr": 4.759033203125e-05, "roi_head/num_bg_samples": 617.0625, "roi_head/num_fg_samples": 22.9375, "rpn/num_neg_anchors": 244.5, "rpn/num_pos_anchors": 11.5, "time": 5.570493998500751, "total_loss": 1.7504123440012336}
{"data_time": 0.012288822499613161, "eta_seconds": 2634.5553320366744, "fast_rcnn/cls_accuracy": 0.9461914062500001, "fast_rcnn/false_negative": 1.0, "fast_rcnn/fg_cls_accuracy": 0.0, "iteration": 39, "loss_box_reg": 0.19238977879285812, "loss_cls": 0.4494889974594116, "loss_rpn_cls": 0.08702944219112396, "loss_rpn_loc": 0.024145248346030712, "lr": 9.636962890625e-05, "roi_head/num_bg_samples": 606.4375, "roi_head/num_fg_samples": 33.5625, "rpn/num_neg_anchors": 243.375, "rpn/num_pos_anchors": 12.625, "time": 5.652707073000784, "total_loss": 0.8092775549739599}
{"data_time": 0.014046967500689789, "eta_seconds": 2531.269480536823, "fast_rcnn/cls_accuracy": 0.94765625, "fast_rcnn/false_negative": 1.0, "fast_rcnn/fg_cls_accuracy": 0.0, "iteration": 59, "loss_box_reg": 0.18961592018604279, "loss_cls": 0.20744379609823227, "loss_rpn_cls": 0.05107277072966099, "loss_rpn_loc": 0.026295235380530357, "lr": 0.00014514892578125, "roi_head/num_bg_samples": 606.5, "roi_head/num_fg_samples": 33.5, "rpn/num_neg_anchors": 242.0, "rpn/num_pos_anchors": 14.0, "time": 5.709981419500764, "total_loss": 0.47187122516334057}
{"data_time": 0.01354918099968927, "eta_seconds": 2432.5713629277307, "fast_rcnn/cls_accuracy": 0.9317382812499999, "fast_rcnn/false_negative": 1.0, "fast_rcnn/fg_cls_accuracy": 0.0, "iteration": 79, "loss_box_reg": 0.2543817311525345, "loss_cls": 0.18918120861053467, "loss_rpn_cls": 0.024699433706700802, "loss_rpn_loc": 0.0206728121265769, "lr": 0.00019392822265625002, "roi_head/num_bg_samples": 596.3125, "roi_head/num_fg_samples": 43.6875, "rpn/num_neg_anchors": 243.5625, "rpn/num_pos_anchors": 12.4375, "time": 5.709221012000853, "total_loss": 0.4836073541082442}
{"data_time": 0.013873457997760852, "eta_seconds": 2350.8345912235964, "fast_rcnn/cls_accuracy": 0.9287109375, "fast_rcnn/false_negative": 1.0, "fast_rcnn/fg_cls_accuracy": 0.0, "iteration": 99, "loss_box_reg": 0.26124152541160583, "loss_cls": 0.1856904700398445, "loss_rpn_cls": 0.015562998596578836, "loss_rpn_loc": 0.027163315564393997, "lr": 0.00024270751953125, "roi_head/num_bg_samples": 594.375, "roi_head/num_fg_samples": 45.625, "rpn/num_neg_anchors": 241.3125, "rpn/num_pos_anchors": 14.6875, "time": 5.72342119249879, "total_loss": 0.49586044903844595}
{"data_time": 0.013467978500557365, "eta_seconds": 2237.6829241478845, "fast_rcnn/cls_accuracy": 0.92783203125, "fast_rcnn/false_negative": 0.9960560944431913, "fast_rcnn/fg_cls_accuracy": 0.003943905556808782, "iteration": 119, "loss_box_reg": 0.26357486844062805, "loss_cls": 0.16669534891843796, "loss_rpn_cls": 0.0161968981847167, "loss_rpn_loc": 0.021280452609062195, "lr": 0.00029148681640625, "roi_head/num_bg_samples": 593.0, "roi_head/num_fg_samples": 47.0, "rpn/num_neg_anchors": 242.25, "rpn/num_pos_anchors": 13.75, "time": 5.721813490999921, "total_loss": 0.4685352952219546}
{"data_time": 0.01301937199968961, "eta_seconds": 2123.6073408478187, "fast_rcnn/cls_accuracy": 0.9310546875, "fast_rcnn/false_negative": 0.8625278639271177, "fast_rcnn/fg_cls_accuracy": 0.13747213607288233, "iteration": 139, "loss_box_reg": 0.2821786403656006, "loss_cls": 0.1564224436879158, "loss_rpn_cls": 0.014948583208024502, "loss_rpn_loc": 0.019673094153404236, "lr": 0.00034026611328125, "roi_head/num_bg_samples": 587.1875, "roi_head/num_fg_samples": 52.8125, "rpn/num_neg_anchors": 241.75, "rpn/num_pos_anchors": 14.25, "time": 5.717734055000619, "total_loss": 0.48045030515640974}
{"data_time": 0.013026694499785663, "eta_seconds": 2009.8256759679643, "fast_rcnn/cls_accuracy": 0.94619140625, "fast_rcnn/false_negative": 0.6305336954755438, "fast_rcnn/fg_cls_accuracy": 0.36946630452445617, "iteration": 159, "loss_box_reg": 0.2753951847553253, "loss_cls": 0.13930287212133408, "loss_rpn_cls": 0.007936515612527728, "loss_rpn_loc": 0.015624400693923235, "lr": 0.00038904541015625003, "roi_head/num_bg_samples": 587.8125, "roi_head/num_fg_samples": 52.1875, "rpn/num_neg_anchors": 243.25, "rpn/num_pos_anchors": 12.75, "time": 5.716935156498948, "total_loss": 0.4313293274026364}
{"data_time": 0.013302101000590483, "eta_seconds": 1896.0383634319587, "fast_rcnn/cls_accuracy": 0.952734375, "fast_rcnn/false_negative": 0.5031332552833814, "fast_rcnn/fg_cls_accuracy": 0.4968667447166186, "iteration": 179, "loss_box_reg": 0.2311329022049904, "loss_cls": 0.1199626624584198, "loss_rpn_cls": 0.006739901378750801, "loss_rpn_loc": 0.016826731152832508, "lr": 0.00043782470703125, "roi_head/num_bg_samples": 593.625, "roi_head/num_fg_samples": 46.375, "rpn/num_neg_anchors": 244.6875, "rpn/num_pos_anchors": 11.3125, "time": 5.715078577499298, "total_loss": 0.38040920288767666}
{"data_time": 0.013699479000933934, "eta_seconds": 1781.977671708155, "fast_rcnn/cls_accuracy": 0.954296875, "fast_rcnn/false_negative": 0.3952747817154597, "fast_rcnn/fg_cls_accuracy": 0.6047252182845404, "iteration": 199, "loss_box_reg": 0.24116209149360657, "loss_cls": 0.10841135308146477, "loss_rpn_cls": 0.006477057933807373, "loss_rpn_loc": 0.016526712104678154, "lr": 0.00048660400390624996, "roi_head/num_bg_samples": 587.625, "roi_head/num_fg_samples": 52.375, "rpn/num_neg_anchors": 242.4375, "rpn/num_pos_anchors": 13.5625, "time": 5.729250646500077, "total_loss": 0.3833054800052196}
{"data_time": 0.013106281499858596, "eta_seconds": 1668.36128645415, "fast_rcnn/cls_accuracy": 0.95576171875, "fast_rcnn/false_negative": 0.2899239770262863, "fast_rcnn/fg_cls_accuracy": 0.7100760229737137, "iteration": 219, "loss_box_reg": 0.21871770173311234, "loss_cls": 0.1016034409403801, "loss_rpn_cls": 0.0042800004594028, "loss_rpn_loc": 0.020016374066472054, "lr": 0.00053538330078125, "roi_head/num_bg_samples": 586.125, "roi_head/num_fg_samples": 53.875, "rpn/num_neg_anchors": 240.1875, "rpn/num_pos_anchors": 15.8125, "time": 5.726777741501792, "total_loss": 0.34532662050332874}
{"data_time": 0.013217061499744887, "eta_seconds": 1554.530537192244, "fast_rcnn/cls_accuracy": 0.96728515625,