{"data_time": 0.003245163499741466, "eta_seconds": 199.44103213800554, "fast_rcnn/cls_accuracy": 0.44091796875, "fast_rcnn/false_negative": 0.43548387096774194, "fast_rcnn/fg_cls_accuracy": 0.046536796536796536, "iteration": 19, "loss_box_reg": 0.17845726013183594, "loss_cls": 1.0393928289413452, "loss_rpn_cls": 0.1737145185470581, "loss_rpn_loc": 0.021801868453621864, "lr": 4.759033203125e-05, "roi_head/num_bg_samples": 488.75, "roi_head/num_fg_samples": 23.25, "rpn/num_neg_anchors": 245.75, "rpn/num_pos_anchors": 10.25, "time": 0.40536795150001126, "total_loss": 1.44060786254704}
{"data_time": 0.0033530734999658307, "eta_seconds": 196.02278991191997, "fast_rcnn/cls_accuracy": 0.94140625, "fast_rcnn/false_negative": 1.0, "fast_rcnn/fg_cls_accuracy": 0.0, "iteration": 39, "loss_box_reg": 0.2276904508471489, "loss_cls": 0.40631231665611267, "loss_rpn_cls": 0.0978994220495224, "loss_rpn_loc": 0.01947976928204298, "lr": 9.636962890625e-05, "roi_head/num_bg_samples": 482.0, "roi_head/num_fg_samples": 30.0, "rpn/num_neg_anchors": 244.5, "rpn/num_pos_anchors": 11.5, "time": 0.42561499750081566, "total_loss": 0.8040850143879652}
{"data_time": 0.003319864999866695, "eta_seconds": 188.26628606405575, "fast_rcnn/cls_accuracy": 0.921875, "fast_rcnn/false_negative": 1.0, "fast_rcnn/fg_cls_accuracy": 0.0, "iteration": 59, "loss_box_reg": 0.2942372262477875, "loss_cls": 0.29186588525772095, "loss_rpn_cls": 0.026650377549231052, "loss_rpn_loc": 0.021696687676012516, "lr": 0.00014514892578125, "roi_head/num_bg_samples": 472.0, "roi_head/num_fg_samples": 40.0, "rpn/num_neg_anchors": 243.25, "rpn/num_pos_anchors": 12.75, "time": 0.4186741670000629, "total_loss": 0.6649949820712209}
{"data_time": 0.003329512000163959, "eta_seconds": 180.67167201600387, "fast_rcnn/cls_accuracy": 0.95361328125, "fast_rcnn/false_negative": 1.0, "fast_rcnn/fg_cls_accuracy": 0.0, "iteration": 79, "loss_box_reg": 0.16047360748052597, "loss_cls": 0.17610670626163483, "loss_rpn_cls": 0.030694994144141674, "loss_rpn_loc": 0.015628498513251543, "lr": 0.00019392822265625002, "roi_head/num_bg_samples": 488.25, "roi_head/num_fg_samples": 23.75, "rpn/num_neg_anchors": 245.0, "rpn/num_pos_anchors": 11.0, "time": 0.42060350800056767, "total_loss": 0.4302352543454617}
{"data_time": 0.0033997629998339107, "eta_seconds": 172.95333888986715, "fast_rcnn/cls_accuracy": 0.935546875, "fast_rcnn/false_negative": 1.0, "fast_rcnn/fg_cls_accuracy": 0.0, "iteration": 99, "loss_box_reg": 0.2134411633014679, "loss_cls": 0.1591501235961914, "loss_rpn_cls": 0.020238745026290417, "loss_rpn_loc": 0.016785251908004284, "lr": 0.00024270751953125, "roi_head/num_bg_samples": 479.0, "roi_head/num_fg_samples": 33.0, "rpn/num_neg_anchors": 246.75, "rpn/num_pos_anchors": 9.25, "time": 0.42312807950020215, "total_loss": 0.4328898656531237}
{"data_time": 0.003353058500579209, "eta_seconds": 165.09468864028167, "fast_rcnn/cls_accuracy": 0.931640625, "fast_rcnn/false_negative": 1.0, "fast_rcnn/fg_cls_accuracy": 0.0, "iteration": 119, "loss_box_reg": 0.2507191300392151, "loss_cls": 0.17214030772447586, "loss_rpn_cls": 0.009597433265298605, "loss_rpn_loc": 0.018764497712254524, "lr": 0.00029148681640625, "roi_head/num_bg_samples": 475.75, "roi_head/num_fg_samples": 36.25, "rpn/num_neg_anchors": 244.0, "rpn/num_pos_anchors": 12.0, "time": 0.42600212800061854, "total_loss": 0.47162644541822374}
{"data_time": 0.0033241134997297195, "eta_seconds": 156.89423695801452, "fast_rcnn/cls_accuracy": 0.93212890625, "fast_rcnn/false_negative": 0.831076724693746, "fast_rcnn/fg_cls_accuracy": 0.16892327530625403, "iteration": 139, "loss_box_reg": 0.2884601801633835, "loss_cls": 0.15742825716733932, "loss_rpn_cls": 0.01398481149226427, "loss_rpn_loc": 0.013740308582782745, "lr": 0.00034026611328125, "roi_head/num_bg_samples": 469.0, "roi_head/num_fg_samples": 43.0, "rpn/num_neg_anchors": 244.5, "rpn/num_pos_anchors": 11.5, "time": 0.42330525450051937, "total_loss": 0.5051192762330174}
{"data_time": 0.003439437500674103, "eta_seconds": 148.6727459357935, "fast_rcnn/cls_accuracy": 0.951171875, "fast_rcnn/false_negative": 0.5870098039215687, "fast_rcnn/fg_cls_accuracy": 0.41299019607843135, "iteration": 159, "loss_box_reg": 0.20257170498371124, "loss_cls": 0.1346195489168167, "loss_rpn_cls": 0.011254929471760988, "loss_rpn_loc": 0.01140221580862999, "lr": 0.00038904541015625003, "roi_head/num_bg_samples": 480.0, "roi_head/num_fg_samples": 32.0, "rpn/num_neg_anchors": 247.75, "rpn/num_pos_anchors": 8.25, "time": 0.4312186474990085, "total_loss": 0.36178592243231833}
{"data_time": 0.0035609120004664874, "eta_seconds": 140.53734449417243, "fast_rcnn/cls_accuracy": 0.9599609375, "fast_rcnn/false_negative": 0.5780159521435693, "fast_rcnn/fg_cls_accuracy": 0.42198404785643073, "iteration": 179, "loss_box_reg": 0.19275068491697311, "loss_cls": 0.1119002215564251, "loss_rpn_cls": 0.011246170848608017, "loss_rpn_loc": 0.013012840878218412, "lr": 0.00043782470703125, "roi_head/num_bg_samples": 480.0, "roi_head/num_fg_samples": 32.0, "rpn/num_neg_anchors": 246.5, "rpn/num_pos_anchors": 9.5, "time": 0.44985134299986385, "total_loss": 0.34982737925020047}
{"data_time": 0.00353397449998738, "eta_seconds": 132.15770911206346, "fast_rcnn/cls_accuracy": 0.94921875, "fast_rcnn/false_negative": 0.3928142814281428, "fast_rcnn/fg_cls_accuracy": 0.6071857185718572, "iteration": 199, "loss_box_reg": 0.20813384652137756, "loss_cls": 0.12230383604764938, "loss_rpn_cls": 0.008581995032727718, "loss_rpn_loc": 0.014872204978018999, "lr": 0.00048660400390624996, "roi_head/num_bg_samples": 478.5, "roi_head/num_fg_samples": 33.5, "rpn/num_neg_anchors": 246.25, "rpn/num_pos_anchors": 9.75, "time": 0.4275101339990215, "total_loss": 0.3723918399773538}
{"data_time": 0.0033455929997217027, "eta_seconds": 123.93249507624932, "fast_rcnn/cls_accuracy": 0.96240234375, "fast_rcnn/false_negative": 0.4213607594936709, "fast_rcnn/fg_cls_accuracy": 0.5786392405063291, "iteration": 219, "loss_box_reg": 0.16882573813199997, "loss_cls": 0.09791070595383644, "loss_rpn_cls": 0.013116158079355955, "loss_rpn_loc": 0.012202844489365816, "lr": 0.00053538330078125, "roi_head/num_bg_samples": 479.25, "roi_head/num_fg_samples": 32.75, "rpn/num_neg_anchors": 247.25, "rpn/num_pos_anchors": 8.75, "time": 0.4725966130008601, "total_loss": 0.2774487682618201}
{"data_time": 0.0033597239998925943, "eta_seconds": 115.7327916239301, "fast_rcnn/cls_accuracy": 0.9501953125, "fast_rcnn/false_negative": 0.33630952380952384, "fast_rcnn/fg_cls_accuracy": 0.6636904761904762, "iteration": 239, "loss_box_reg": 0.23353339731693268, "loss_cls": 0.1292223110795021, "loss_rpn_cls": 0.006726719439029694, "loss_rpn_loc": 0.017676581628620625, "lr": 0.00058416259765625, "roi_head/num_bg_samples": 458.75, "roi_head/num_fg_samples": 53.25, "rpn/num_neg_anchors": 245.25, "rpn/num_pos_anchors": 10.75, "time": 0.4292790125000465, "total_loss": 0.4115898087620735}
{"data_time": 0.003450308000537916, "eta_seconds": 107.2787248260538, "fast_rcnn/cls_accuracy": 0.95751953125, "fast_rcnn/false_negative": 0.2920044215180545, "fast_rcnn/fg_cls_accuracy": 0.7079955784819454, "iteration": 259, "loss_box_reg": 0.18951135128736496, "loss_cls": 0.09784563258290291, "loss_rpn_cls": 0.006164057878777385, "loss_rpn_loc": 0.014893920626491308, "lr": 0.00063294189453125, "roi_head/num_bg_samples": 466.75, "roi_head/num_fg_samples": 45.25, "rpn/num_neg_anchors": 244.25, "rpn/num_pos_anchors": 11.75, "time": 0.43029639450105606, "total_loss": 0.31376935669686645}
{"data_time": 0.0035476200000630342, "eta_seconds": 98.75795580810518, "fast_rcnn/cls_accuracy": 0.96484375, "fast_rcnn/false_negative": 0.3076165139422603, "fast_rcnn/fg_cls_accuracy": 0.6923834860577397, "iteration": 279, "loss_box_reg": 0.14606034755706787, "loss_cls": 0.08568115159869194, "loss_rpn_cls": 0.003428354859352112, "loss_rpn_loc": 0.009997058194130659, "lr": 0.00068172119140625, "roi_head/num_bg_samples": 481.25, "roi_head/num_fg_samples": 30.75, "rpn/num_neg_anchors": 248.5,