Dataset,AP,AP50,AP75,APs,APm,APl,True Positives,False Positives,False Negatives,pretrained_model_weights,max_iter,batch_size_per_image,base_lr
test,22.527324631505284,49.90098399178908,18.728969510305326,10.0,24.99784489407443,21.379214844561385,34.0,18.0,41.0,faster_rcnn_R_101_FPN_3x.yaml,256,512,0.00125
test,27.757739259660564,46.708642149638365,27.862761356486164,15.0,37.726867512863386,20.72962680883473,35.0,17.0,43.0,faster_rcnn_R_101_FPN_3x.yaml,512,512,0.00125
test,28.43986643807793,53.65440115257897,28.12693232232756,40.0,31.134174688131488,28.59570957095709,38.0,14.0,36.0,faster_rcnn_R_101_FPN_3x.yaml,1024,512,0.00125
test,24.985439565889084,49.680818847280875,22.474527740738587,40.0,27.562885636389723,21.282885431400285,32.0,20.0,19.0,faster_rcnn_R_101_FPN_3x.yaml,1024,640,0.00125
test,26.31911092372431,50.76427256867295,26.033063711949033,40.0,35.642936819749266,11.414427157001414,33.0,19.0,15.0,faster_rcnn_X_101_32x8d_FPN_3x.yaml,512,640,0.00125
test,29.595164810728324,54.926464916427435,30.654931614844678,40.0,36.60523704663825,20.06956080223407,35.0,17.0,18.0,faster_rcnn_X_101_32x8d_FPN_3x.yaml,2048,640,0.00125
