Dataset,AP,AP50,AP75,APs,APm,APl,True Positives,False Positives,False Negatives,pretrained_model_weights,max_iter,batch_size_per_image,base_lr
valid,14.754040682834935,35.54177444317904,8.847226499179547,1.7222145989206838,30.82362258094728,10.692126355492693,82.0,99.0,87.0,faster_rcnn_R_101_FPN_3x.yaml,256,512,0.00125
valid,19.780924425844493,40.82051111802378,16.20573178955872,4.233385660333875,40.32356456928658,21.076754895916224,93.0,88.0,69.0,faster_rcnn_R_101_FPN_3x.yaml,512,512,0.00125
valid,18.328529362749816,36.89523624378479,17.712599113608444,4.322775149529904,36.18421946737484,15.125112511251123,83.0,98.0,73.0,faster_rcnn_R_101_FPN_3x.yaml,1024,512,0.00125
valid,18.76062341967364,35.54205550490856,16.568143588454074,3.6183095198858615,38.274056150531436,15.661228622862286,79.0,102.0,56.0,faster_rcnn_R_101_FPN_3x.yaml,1024,640,0.00125
valid,15.80607363480177,33.877388325717725,14.522569806520364,4.636980557512085,31.333269969259536,13.198334119126198,77.0,104.0,36.0,faster_rcnn_X_101_32x8d_FPN_3x.yaml,512,640,0.00125
valid,16.455897965378334,38.320415409971,12.28518389411057,3.896096914440629,33.88659956514238,12.020627062706271,89.0,92.0,50.0,faster_rcnn_X_101_32x8d_FPN_3x.yaml,2048,640,0.00125
