{"data_time": 0.002828305499861017, "eta_seconds": 109.04556999933266, "fast_rcnn/cls_accuracy": 0.703125, "fast_rcnn/false_negative": 0.56875, "fast_rcnn/fg_cls_accuracy": 0.0787878787878788, "iteration": 19, "loss_box_reg": 0.17452372610569, "loss_cls": 0.9637286961078644, "loss_rpn_cls": 0.1541469767689705, "loss_rpn_loc": 0.01893873978406191, "lr": 9.393066406249999e-05, "rank_data_time": 0.002828305499861017, "roi_head/num_bg_samples": 489.0, "roi_head/num_fg_samples": 23.0, "rpn/num_neg_anchors": 247.0, "rpn/num_pos_anchors": 9.0, "time": 0.46205749999717227, "total_loss": 1.3677069107070565}
{"data_time": 0.0028147690027253702, "eta_seconds": 103.54590136816842, "fast_rcnn/cls_accuracy": 0.93115234375, "fast_rcnn/false_negative": 1.0, "fast_rcnn/fg_cls_accuracy": 0.0, "iteration": 39, "loss_box_reg": 0.2492336928844452, "loss_cls": 0.2999761253595352, "loss_rpn_cls": 0.07301715202629566, "loss_rpn_loc": 0.019790351390838623, "lr": 0.0001914892578125, "rank_data_time": 0.0028147690027253702, "roi_head/num_bg_samples": 476.75, "roi_head/num_fg_samples": 35.25, "rpn/num_neg_anchors": 246.0, "rpn/num_pos_anchors": 10.0, "time": 0.4922246729984181, "total_loss": 0.6545525249093771}
{"data_time": 0.0028768709998985287, "eta_seconds": 94.6240050563938, "fast_rcnn/cls_accuracy": 0.93017578125, "fast_rcnn/false_negative": 1.0, "fast_rcnn/fg_cls_accuracy": 0.0, "iteration": 59, "loss_box_reg": 0.24773086607456207, "loss_cls": 0.22430875152349472, "loss_rpn_cls": 0.021058302372694016, "loss_rpn_loc": 0.018233430571854115, "lr": 0.0002890478515625, "rank_data_time": 0.0028768709998985287, "roi_head/num_bg_samples": 476.25, "roi_head/num_fg_samples": 35.75, "rpn/num_neg_anchors": 245.5, "rpn/num_pos_anchors": 10.5, "time": 0.4861481644984451, "total_loss": 0.5214380128309131}
{"data_time": 0.0028406325000105426, "eta_seconds": 85.26393497589743, "fast_rcnn/cls_accuracy": 0.93115234375, "fast_rcnn/false_negative": 1.0, "fast_rcnn/fg_cls_accuracy": 0.0, "iteration": 79, "loss_box_reg": 0.24492247402668, "loss_cls": 0.17955779284238815, "loss_rpn_cls": 0.016611211001873016, "loss_rpn_loc": 0.0135948546230793, "lr": 0.00038660644531250004, "rank_data_time": 0.0028406325000105426, "roi_head/num_bg_samples": 476.75, "roi_head/num_fg_samples": 35.25, "rpn/num_neg_anchors": 247.0, "rpn/num_pos_anchors": 9.0, "time": 0.49459651799770654, "total_loss": 0.44292098516598344}
{"data_time": 0.002897595000831643, "eta_seconds": 76.26279343834904, "fast_rcnn/cls_accuracy": 0.93701171875, "fast_rcnn/false_negative": 0.9619252873563219, "fast_rcnn/fg_cls_accuracy": 0.03807471264367816, "iteration": 99, "loss_box_reg": 0.19278088212013245, "loss_cls": 0.13764740526676178, "loss_rpn_cls": 0.014141238760203123, "loss_rpn_loc": 0.016812661662697792, "lr": 0.0004841650390625, "rank_data_time": 0.002897595000831643, "roi_head/num_bg_samples": 480.25, "roi_head/num_fg_samples": 31.75, "rpn/num_neg_anchors": 245.0, "rpn/num_pos_anchors": 11.0, "time": 0.5047802894987399, "total_loss": 0.42868294194340706}
{"data_time": 0.0029222760022094008, "eta_seconds": 66.67912903588149, "fast_rcnn/cls_accuracy": 0.94873046875, "fast_rcnn/false_negative": 0.6036316947909024, "fast_rcnn/fg_cls_accuracy": 0.3963683052090976, "iteration": 119, "loss_box_reg": 0.2602021098136902, "loss_cls": 0.1306953839957714, "loss_rpn_cls": 0.01041353028267622, "loss_rpn_loc": 0.016031917184591293, "lr": 0.0005817236328125, "rank_data_time": 0.0029222760022094008, "roi_head/num_bg_samples": 470.75, "roi_head/num_fg_samples": 41.25, "rpn/num_neg_anchors": 247.5, "rpn/num_pos_anchors": 8.5, "time": 0.506719653501932, "total_loss": 0.38730285118799657}
{"data_time": 0.0028770964963769075, "eta_seconds": 56.55571735040576, "fast_rcnn/cls_accuracy": 0.9453125, "fast_rcnn/false_negative": 0.5845352564102564, "fast_rcnn/fg_cls_accuracy": 0.4154647435897436, "iteration": 139, "loss_box_reg": 0.27987998723983765, "loss_cls": 0.1372160017490387, "loss_rpn_cls": 0.013062691316008568, "loss_rpn_loc": 0.015309704467654228, "lr": 0.0006792822265625, "rank_data_time": 0.0028770964963769075, "roi_head/num_bg_samples": 466.0, "roi_head/num_fg_samples": 46.0, "rpn/num_neg_anchors": 245.5, "rpn/num_pos_anchors": 10.5, "time": 0.485830501998862, "total_loss": 0.46906300575938076}
{"data_time": 0.002835653500369517, "eta_seconds": 47.067620495916344, "fast_rcnn/cls_accuracy": 0.9580078125, "fast_rcnn/false_negative": 0.34552845528455284, "fast_rcnn/fg_cls_accuracy": 0.6544715447154472, "iteration": 159, "loss_box_reg": 0.16301720589399338, "loss_cls": 0.10281189903616905, "loss_rpn_cls": 0.004988626344129443, "loss_rpn_loc": 0.012040427885949612, "lr": 0.0007768408203125001, "rank_data_time": 0.002835653500369517, "roi_head/num_bg_samples": 477.0, "roi_head/num_fg_samples": 35.0, "rpn/num_neg_anchors": 246.75, "rpn/num_pos_anchors": 9.25, "time": 0.5121292154944967, "total_loss": 0.2829960426315665}
{"data_time": 0.0028970284984097816, "eta_seconds": 37.31916486794944, "fast_rcnn/cls_accuracy": 0.958984375, "fast_rcnn/false_negative": 0.23776223776223776, "fast_rcnn/fg_cls_accuracy": 0.7622377622377623, "iteration": 179, "loss_box_reg": 0.1985124945640564, "loss_cls": 0.09244665503501892, "loss_rpn_cls": 0.004035129211843014, "loss_rpn_loc": 0.015181314200162888, "lr": 0.0008743994140625, "rank_data_time": 0.0028970284984097816, "roi_head/num_bg_samples": 466.25, "roi_head/num_fg_samples": 45.75, "rpn/num_neg_anchors": 246.0, "rpn/num_pos_anchors": 10.0, "time": 0.5060755500016967, "total_loss": 0.30994868313428015}
{"data_time": 0.0029441425031109247, "eta_seconds": 27.498332007962745, "fast_rcnn/cls_accuracy": 0.96142578125, "fast_rcnn/false_negative": 0.3108875128998968, "fast_rcnn/fg_cls_accuracy": 0.6891124871001032, "iteration": 199, "loss_box_reg": 0.16035602241754532, "loss_cls": 0.09981867671012878, "loss_rpn_cls": 0.006345737725496292, "loss_rpn_loc": 0.016674726270139217, "lr": 0.0009719580078125, "rank_data_time": 0.0029441425031109247, "roi_head/num_bg_samples": 482.5, "roi_head/num_fg_samples": 29.5, "rpn/num_neg_anchors": 247.25, "rpn/num_pos_anchors": 8.75, "time": 0.4918025984989072, "total_loss": 0.34405225003138185}
{"data_time": 0.002947043500171276, "eta_seconds": 17.71440022798197, "fast_rcnn/cls_accuracy": 0.96533203125, "fast_rcnn/false_negative": 0.33232931726907633, "fast_rcnn/fg_cls_accuracy": 0.6676706827309237, "iteration": 219, "loss_box_reg": 0.1631404235959053, "loss_cls": 0.09431087970733643, "loss_rpn_cls": 0.005701229441910982, "loss_rpn_loc": 0.013005444779992104, "lr": 0.0010695166015625, "rank_data_time": 0.002947043500171276, "roi_head/num_bg_samples": 475.75, "roi_head/num_fg_samples": 36.25, "rpn/num_neg_anchors": 247.25, "rpn/num_pos_anchors": 8.75, "time": 0.5267539840024256, "total_loss": 0.2644519566674717}
{"data_time": 0.0029180080018704757, "eta_seconds": 7.867916431976482, "fast_rcnn/cls_accuracy": 0.94921875, "fast_rcnn/false_negative": 0.23767605633802819, "fast_rcnn/fg_cls_accuracy": 0.7623239436619718, "iteration": 239, "loss_box_reg": 0.24004888534545898, "loss_cls": 0.11811743304133415, "loss_rpn_cls": 0.005786882946267724, "loss_rpn_loc": 0.015949580818414688, "lr": 0.0011670751953125, "rank_data_time": 0.0029180080018704757, "roi_head/num_bg_samples": 459.0, "roi_head/num_fg_samples": 53.0, "rpn/num_neg_anchors": 244.0, "rpn/num_pos_anchors": 12.0, "time": 0.48903998599780607, "total_loss": 0.39714969228953123}
{"data_time": 0.002872852997825248, "eta_seconds": 0.0, "fast_rcnn/cls_accuracy": 0.96044921875, "fast_rcnn/false_negative": 0.18739971684756962, "fast_rcnn/fg_cls_accuracy": 0.8126002831524304, "iteration": 255, "loss_box_reg": 0.19390345364809036, "loss_cls": 0.08222397044301033, "loss_rpn_cls": 0.002328202943317592, "loss_rpn_loc": 0.011108586564660072, "lr": 0.0012451220703125, "rank_data_time": 0.002872852997825248, "roi_head/num_bg_samples": 459.5, "roi_head/num_fg_samples": 52.5, "rpn/num_neg_anchors": 244.25, "rpn/num_pos_anchors": 11.75,